timestamp,project_name,run_id,duration,emissions,emissions_rate,cpu_power,gpu_power,ram_power,cpu_energy,gpu_energy,ram_energy,energy_consumed,country_name,country_iso_code,region,cloud_provider,cloud_region,os,python_version,codecarbon_version,cpu_count,cpu_model,gpu_count,gpu_model,longitude,latitude,ram_total_size,tracking_mode,on_cloud,pue
2023-11-24T14:47:59,codecarbon,53781b08-8066-4c92-92aa-57ca248859ab,0.0041325092315673,8.090050289866749e-09,1.957660548721472e-06,42.5,0.0,4.28122615814209,4.222840070724488e-08,0,1.035751180893385e-09,4.3264151888138266e-08,Luxembourg,LUX,esch-sur-alzette,,,Linux-6.5.0-5-generic-x86_64-with-glibc2.38,3.11.4,2.3.1,4,Intel(R) Celeron(R) N5100 @ 1.10GHz,,,5.9802,49.4998,11.416603088378906,machine,N,1.0
2023-11-24T14:50:52,codecarbon,8e3c21b9-bc3e-4d09-8399-17e9ae021f13,0.0039284229278564,7.62079972647258e-09,1.9399132594491017e-06,42.5,0.0,4.28122615814209,3.9475659529368086e-08,0,1.2790237002491267e-09,4.0754683229617217e-08,Luxembourg,LUX,esch-sur-alzette,,,Linux-6.5.0-5-generic-x86_64-with-glibc2.38,3.11.4,2.3.1,4,Intel(R) Celeron(R) N5100 @ 1.10GHz,,,5.9802,49.4998,11.416603088378906,machine,N,1.0
2023-11-24T14:53:12,codecarbon,5f2cdd45-d5eb-4ef0-95c9-0a6eaadff7b7,0.004230260848999,8.336119362038254e-09,1.9705922777813503e-06,42.5,0.0,4.28122615814209,4.3494999408721935e-08,0,1.0850861673361574e-09,4.458008557605809e-08,Luxembourg,LUX,esch-sur-alzette,,,Linux-6.5.0-5-generic-x86_64-with-glibc2.38,3.11.4,2.3.1,4,Intel(R) Celeron(R) N5100 @ 1.10GHz,,,5.9802,49.4998,11.416603088378906,machine,N,1.0
2023-11-24T14:54:19,codecarbon,7822531c-f32a-42a7-82c7-b7a50666de0a,0.0041694641113281,8.281286566468904e-09,1.9861752842455848e-06,42.5,0.0,4.28122615814209,4.3233235677083336e-08,0,1.0536138483985267e-09,4.428684952548186e-08,Luxembourg,LUX,esch-sur-alzette,,,Linux-6.5.0-5-generic-x86_64-with-glibc2.38,3.11.4,2.3.1,4,Intel(R) Celeron(R) N5100 @ 1.10GHz,,,5.9802,49.4998,11.416603088378906,machine,N,1.0
2023-11-24T14:56:33,codecarbon,5ffc038c-00d3-40f6-a695-b7593ae098f0,0.0045638084411621,8.806533081816248e-09,1.929645644718118e-06,42.5,0.0,4.28122615814209,4.60957487424215e-08,0,1.000025845883101e-09,4.709577458830457e-08,Luxembourg,LUX,esch-sur-alzette,,,Linux-6.5.0-5-generic-x86_64-with-glibc2.38,3.11.4,2.3.1,4,Intel(R) Celeron(R) N5100 @ 1.10GHz,,,5.9802,49.4998,11.416603088378906,machine,N,1.0
2023-11-24T14:57:05,codecarbon,6cfe5c29-3374-46e4-a27c-c3f4ecbde1b3,0.0036046504974365,7.316003575479587e-09,2.029601366535375e-06,42.5,0.0,4.28122615814209,3.838919930987889e-08,0,7.354882461640954e-10,3.9124687556042975e-08,Luxembourg,LUX,esch-sur-alzette,,,Linux-6.5.0-5-generic-x86_64-with-glibc2.38,3.11.4,2.3.1,4,Intel(R) Celeron(R) N5100 @ 1.10GHz,,,5.9802,49.4998,11.416603088378906,machine,N,1.0
2023-11-24T14:57:12,codecarbon,c658d7f4-7c56-45fc-aaf9-f5a7c03cf039,0.0017421245574951,3.6298222190982157e-09,2.08356067508588e-06,42.5,0.0,4.28122615814209,1.8866691324445945e-08,0,5.449531261092483e-10,1.9411644450555192e-08,Luxembourg,LUX,esch-sur-alzette,,,Linux-6.5.0-5-generic-x86_64-with-glibc2.38,3.11.4,2.3.1,4,Intel(R) Celeron(R) N5100 @ 1.10GHz,,,5.9802,49.4998,11.416603088378906,machine,N,1.0
2023-11-24T14:57:15,codecarbon,2b475de0-ed1d-44bb-845b-1bf8b3e0095b,0.0027413368225097,5.457091252681638e-09,1.9906679135056188e-06,42.5,0.0,4.28122615814209,2.8605428006913927e-08,0,5.78126651475941e-10,2.9183554658389868e-08,Luxembourg,LUX,esch-sur-alzette,,,Linux-6.5.0-5-generic-x86_64-with-glibc2.38,3.11.4,2.3.1,4,Intel(R) Celeron(R) N5100 @ 1.10GHz,,,5.9802,49.4998,11.416603088378906,machine,N,1.0
2023-11-24T14:57:34,codecarbon,4cf9933e-98b9-475b-b06c-6fd1e5e03615,0.003328800201416,6.615512578097861e-09,1.9873564581267848e-06,42.5,0.0,4.28122615814209,3.442052337858412e-08,0,9.5806275396626e-10,3.537858613255038e-08,Luxembourg,LUX,esch-sur-alzette,,,Linux-6.5.0-5-generic-x86_64-with-glibc2.38,3.11.4,2.3.1,4,Intel(R) Celeron(R) N5100 @ 1.10GHz,,,5.9802,49.4998,11.416603088378906,machine,N,1.0
2023-11-24T15:02:27,codecarbon,c98c66bc-c963-4119-a5bb-e8d920cdd8b2,0.0033783912658691,6.681977423747096e-09,1.977857772500504e-06,42.5,0.0,4.28122615814209,3.474420971340604e-08,0,9.898186073087346e-10,3.5734028320714775e-08,Luxembourg,LUX,esch-sur-alzette,,,Linux-6.5.0-5-generic-x86_64-with-glibc2.38,3.11.4,2.3.1,4,Intel(R) Celeron(R) N5100 @ 1.10GHz,,,5.9802,49.4998,11.416603088378906,machine,N,1.0
2023-11-24T15:18:10,codecarbon,3d3fc160-c0cf-482a-b943-d40b13878d10,0.0033826828002929,6.720460732858832e-09,1.9867250728554222e-06,42.5,0.0,4.281216144561768,3.5020046763949934e-08,0,9.197834579784587e-10,3.5939830221928384e-08,Luxembourg,LUX,esch-sur-alzette,,,Linux-6.5.0-5-generic-x86_64-with-glibc2.38,3.11.4,2.3.1,4,Intel(R) Celeron(R) N5100 @ 1.10GHz,,,5.9802,49.4998,11.416576385498049,machine,N,1.0
2023-11-24T15:21:26,codecarbon,2a8d3ed2-1859-4e19-91c3-683b5b8377ef,0.0034804344177246,6.868392438159546e-09,1.9734296394672103e-06,42.5,0.0,4.281216144561768,3.574623001946344e-08,0,9.84712684820958e-10,3.673094270428439e-08,Luxembourg,LUX,esch-sur-alzette,,,Linux-6.5.0-5-generic-x86_64-with-glibc2.38,3.11.4,2.3.1,4,Intel(R) Celeron(R) N5100 @ 1.10GHz,,,5.9802,49.4998,11.416576385498049,machine,N,1.0
2023-11-24T15:21:37,codecarbon,f4d135bd-bb3c-4687-810e-67e856f646d3,0.0031797885894775,6.190081902808417e-09,1.946696054980652e-06,42.5,0.0,4.281216144561768,3.245870272318522e-08,0,6.44755728558266e-10,3.3103458451743485e-08,Luxembourg,LUX,esch-sur-alzette,,,Linux-6.5.0-5-generic-x86_64-with-glibc2.38,3.11.4,2.3.1,4,Intel(R) Celeron(R) N5100 @ 1.10GHz,,,5.9802,49.4998,11.416576385498049,machine,N,1.0
2023-11-24T15:33:50,codecarbon,1f6012b3-5749-4775-b59f-fcd9d04e0bdf,0.0031929016113281,6.478748036991569e-09,2.029109827251037e-06,42.5,0.0,4.281216144561768,3.370841344197591e-08,0,9.38780218670369e-10,3.464719366064628e-08,Luxembourg,LUX,esch-sur-alzette,,,Linux-6.5.0-5-generic-x86_64-with-glibc2.38,3.11.4,2.3.1,4,Intel(R) Celeron(R) N5100 @ 1.10GHz,,,5.9802,49.4998,11.416576385498049,machine,N,1.0
2023-11-24T15:35:12,codecarbon,c00d730c-ca11-4e29-9c3a-a6dc1d5083b5,0.0039200782775878,7.581094363353926e-09,1.9339140258236724e-06,42.5,0.0,4.281216144561768,3.966424200269911e-08,0,8.781039979529245e-10,4.0542346000652034e-08,Luxembourg,LUX,esch-sur-alzette,,,Linux-6.5.0-5-generic-x86_64-with-glibc2.38,3.11.4,2.3.1,4,Intel(R) Celeron(R) N5100 @ 1.10GHz,,,5.9802,49.4998,11.416576385498049,machine,N,1.0
2023-11-24T15:40:16,codecarbon,ee77be81-2bd2-4aee-89f6-39d5c7787a94,0.003803014755249,7.658335761878921e-09,2.013753891253953e-06,42.5,0.0,4.281216144561768,3.990067376030816e-08,0,1.0547455190135226e-09,4.0955419279321684e-08,Luxembourg,LUX,esch-sur-alzette,,,Linux-6.5.0-5-generic-x86_64-with-glibc2.38,3.11.4,2.3.1,4,Intel(R) Celeron(R) N5100 @ 1.10GHz,,,5.9802,49.4998,11.416576385498049,machine,N,1.0
2023-11-24T15:41:09,codecarbon,107a693c-91ed-469b-a2b9-6bf3f8d60eb5,0.003725528717041,7.549401963157747e-09,2.0263974690695247e-06,42.5,0.0,4.281216144561768,3.9346184995439326e-08,0,1.0266756785881628e-09,4.037286067402748e-08,Luxembourg,LUX,esch-sur-alzette,,,Linux-6.5.0-5-generic-x86_64-with-glibc2.38,3.11.4,2.3.1,4,Intel(R) Celeron(R) N5100 @ 1.10GHz,,,5.9802,49.4998,11.416576385498049,machine,N,1.0
2023-11-24T15:46:59,codecarbon,896516db-0800-4c10-8d18-af13fdaa83f5,0.0015864372253417,3.175096756069813e-09,2.001400815204485e-06,42.5,0.0,4.281216144561768,1.6578369670444064e-08,0,4.014837782051472e-10,1.6979853448649212e-08,Luxembourg,LUX,esch-sur-alzette,,,Linux-6.5.0-5-generic-x86_64-with-glibc2.38,3.11.4,2.3.1,4,Intel(R) Celeron(R) N5100 @ 1.10GHz,,,5.9802,49.4998,11.416576385498049,machine,N,1.0
2023-11-24T15:47:29,codecarbon,6542311f-296c-40d0-b97e-152f15767d62,0.0035574436187744,6.7579835122494875e-09,1.899674102095173e-06,42.5,0.0,4.281216144561768,3.5262107849121095e-08,0,8.78387531694594e-10,3.614049538081569e-08,Luxembourg,LUX,esch-sur-alzette,,,Linux-6.5.0-5-generic-x86_64-with-glibc2.38,3.11.4,2.3.1,4,Intel(R) Celeron(R) N5100 @ 1.10GHz,,,5.9802,49.4998,11.416576385498049,machine,N,1.0
2023-11-24T15:48:18,codecarbon,6e2d944d-67fe-4e6a-b920-e1cae4dce2d7,0.0033326148986816,6.5455978139580205e-09,1.9641026680122607e-06,42.5,0.0,4.281216144561768,3.4215052922566735e-08,0,7.896414705517904e-10,3.5004694393118536e-08,Luxembourg,LUX,esch-sur-alzette,,,Linux-6.5.0-5-generic-x86_64-with-glibc2.38,3.11.4,2.3.1,4,Intel(R) Celeron(R) N5100 @ 1.10GHz,,,5.9802,49.4998,11.416576385498049,machine,N,1.0
2023-11-24T15:49:51,codecarbon,a867783a-96d9-4494-8733-8602c3792aae,0.0038058757781982,7.375610467418312e-09,1.9379535479505417e-06,42.5,0.0,4.281216144561768,3.868755367067125e-08,0,7.559009552930245e-10,3.944345462596428e-08,Luxembourg,LUX,esch-sur-alzette,,,Linux-6.5.0-5-generic-x86_64-with-glibc2.38,3.11.4,2.3.1,4,Intel(R) Celeron(R) N5100 @ 1.10GHz,,,5.9802,49.4998,11.416576385498049,machine,N,1.0
2023-11-24T15:54:06,codecarbon,b4ed97db-9df9-44c7-be11-95da780bb3ad,0.0011045932769775,2.220985898320293e-09,2.0106820715019208e-06,42.5,0.0,4.281216144561768,1.1590785450405546e-08,0,2.8665261282867504e-10,1.187743806323422e-08,Luxembourg,LUX,esch-sur-alzette,,,Linux-6.5.0-5-generic-x86_64-with-glibc2.38,3.11.4,2.3.1,4,Intel(R) Celeron(R) N5100 @ 1.10GHz,,,5.9802,49.4998,11.416576385498049,machine,N,1.0
2023-11-24T15:58:47,codecarbon,bdad3f09-2c6f-4613-807f-48bfec21227d,0.0040233135223388,8.140236316046867e-09,2.023266710597964e-06,42.5,0.0,4.281216144561768,4.247609111997816e-08,0,1.0564467214635442e-09,4.3532537841441714e-08,Luxembourg,LUX,esch-sur-alzette,,,Linux-6.5.0-5-generic-x86_64-with-glibc2.38,3.11.4,2.3.1,4,Intel(R) Celeron(R) N5100 @ 1.10GHz,,,5.9802,49.4998,11.416576385498049,machine,N,1.0
2023-11-24T16:11:00,codecarbon,ae3e66a7-75a4-4244-b7c0-e9e599dcc777,0.0024840831756591,5.0997227353332485e-09,2.052959733918724e-06,42.5,0.0,4.281216144561768,2.6460654205746133e-08,0,8.117571024020739e-10,2.72724113081482e-08,Luxembourg,LUX,esch-sur-alzette,,,Linux-6.5.0-5-generic-x86_64-with-glibc2.38,3.11.4,2.3.1,4,Intel(R) Celeron(R) N5100 @ 1.10GHz,,,5.9802,49.4998,11.416576385498049,machine,N,1.0
2023-11-24T16:19:45,codecarbon,613c3ab2-45e5-4367-86c0-7ef1aea4e8b1,0.0038516521453857,7.444845508547776e-09,1.932896644746764e-06,42.5,0.0,4.281216144561768,3.880858421325684e-08,0,1.0051271142212195e-09,3.9813711327478064e-08,Luxembourg,LUX,esch-sur-alzette,,,Linux-6.5.0-5-generic-x86_64-with-glibc2.38,3.11.4,2.3.1,4,Intel(R) Celeron(R) N5100 @ 1.10GHz,,,5.9802,49.4998,11.416576385498049,machine,N,1.0
2023-11-24T16:19:55,codecarbon,613c3ab2-45e5-4367-86c0-7ef1aea4e8b1,9.512295246124268,2.3110717798863222e-05,2.429562708146549e-06,42.5,0.0,4.281216144561768,0.0001122852921485,0,1.1306721407408137e-05,0.0001235920135559,Luxembourg,LUX,esch-sur-alzette,,,Linux-6.5.0-5-generic-x86_64-with-glibc2.38,3.11.4,2.3.1,4,Intel(R) Celeron(R) N5100 @ 1.10GHz,,,5.9802,49.4998,11.416576385498049,machine,N,1.0
2023-11-24T16:20:24,codecarbon,5079578b-4b16-4220-a814-f77caa09d75d,0.0031590461730957,6.158499963140307e-09,1.94948083240749e-06,42.5,0.0,4.281216144561768,3.225323226716784e-08,0,6.81331581233735e-10,3.2934563848401574e-08,Luxembourg,LUX,esch-sur-alzette,,,Linux-6.5.0-5-generic-x86_64-with-glibc2.38,3.11.4,2.3.1,4,Intel(R) Celeron(R) N5100 @ 1.10GHz,,,5.9802,49.4998,11.416576385498049,machine,N,1.0
2023-11-24T16:21:12,codecarbon,df1f49e4-e0e8-4100-b1eb-281a837671d7,0.0037953853607177,7.28657187950596e-09,1.9198503411331974e-06,42.5,0.0,4.281216144561768,3.820061683654785e-08,0,7.666752374764958e-10,3.896729207402436e-08,Luxembourg,LUX,esch-sur-alzette,,,Linux-6.5.0-5-generic-x86_64-with-glibc2.38,3.11.4,2.3.1,4,Intel(R) Celeron(R) N5100 @ 1.10GHz,,,5.9802,49.4998,11.416576385498049,machine,N,1.0
2023-11-24T16:22:04,codecarbon,0ea50518-f4c4-4f9a-bd05-aaab9769e975,0.002500295639038,4.725333326158511e-09,1.8899098380127728e-06,42.5,0.0,4.281216144561768,2.466489871342977e-08,0,6.05344538466094e-10,2.5270243251895864e-08,Luxembourg,LUX,esch-sur-alzette,,,Linux-6.5.0-5-generic-x86_64-with-glibc2.38,3.11.4,2.3.1,4,Intel(R) Celeron(R) N5100 @ 1.10GHz,,,5.9802,49.4998,11.416576385498049,machine,N,1.0
2023-11-24T16:22:29,codecarbon,67357173-5b15-41cd-b83a-f158f7077ee7,0.0041539669036865,8.303175044213606e-09,1.9988544051337488e-06,42.5,0.0,4.281216144561768,4.350907272762724e-08,0,8.948324887114724e-10,4.44039052163387e-08,Luxembourg,LUX,esch-sur-alzette,,,Linux-6.5.0-5-generic-x86_64-with-glibc2.38,3.11.4,2.3.1,4,Intel(R) Celeron(R) N5100 @ 1.10GHz,,,5.9802,49.4998,11.416576385498049,machine,N,1.0
2023-11-24T16:22:48,codecarbon,2f9322f6-a3bf-4a44-9a86-1489e192245f,0.0030891895294189,6.098905449659277e-09,1.97427363765746e-06,42.5,0.0,4.281216144561768,3.1907028622097443e-08,0,7.08834354175754e-10,3.26158629762732e-08,Luxembourg,LUX,esch-sur-alzette,,,Linux-6.5.0-5-generic-x86_64-with-glibc2.38,3.11.4,2.3.1,4,Intel(R) Celeron(R) N5100 @ 1.10GHz,,,5.9802,49.4998,11.416576385498049,machine,N,1.0
2023-11-24T16:22:58,codecarbon,9a2412c4-2eb3-424f-979b-8711235143ed,0.0015757083892822,3.218855836685187e-09,2.042799199762752e-06,42.5,0.0,4.281216144561768,1.6719102859497072e-08,0,4.94766379214676e-10,1.7213869238711747e-08,Luxembourg,LUX,esch-sur-alzette,,,Linux-6.5.0-5-generic-x86_64-with-glibc2.38,3.11.4,2.3.1,4,Intel(R) Celeron(R) N5100 @ 1.10GHz,,,5.9802,49.4998,11.416576385498049,machine,N,1.0
2023-11-24T16:30:26,codecarbon,75c74330-f266-4f69-8503-1933a54b7fe2,0.0038976669311523,7.410168061733541e-09,1.9011804221923928e-06,42.5,0.0,4.281216144561768,3.86565923690796e-08,0,9.71670132704124e-10,3.962826250178372e-08,Luxembourg,LUX,esch-sur-alzette,,,Linux-6.5.0-5-generic-x86_64-with-glibc2.38,3.11.4,2.3.1,4,Intel(R) Celeron(R) N5100 @ 1.10GHz,,,5.9802,49.4998,11.416576385498049,machine,N,1.0
2023-11-24T16:30:26,codecarbon,75c74330-f266-4f69-8503-1933a54b7fe2,0.0299749374389648,7.04259286316312e-08,2.349493765417623e-06,42.5,0.0,4.281216144561768,3.453986512290107e-07,0,3.1226705105117015e-08,3.766253563341277e-07,Luxembourg,LUX,esch-sur-alzette,,,Linux-6.5.0-5-generic-x86_64-with-glibc2.38,3.11.4,2.3.1,4,Intel(R) Celeron(R) N5100 @ 1.10GHz,,,5.9802,49.4998,11.416576385498049,machine,N,1.0
2023-11-24T16:32:14,codecarbon,26b28fde-ef5b-436a-8305-4fa077534b68,0.0018136501312255,3.572667435460566e-09,1.9698768654163262e-06,42.5,0.0,4.281216144561768,1.8751290109422472e-08,0,3.5470071082954747e-10,1.910599082025202e-08,Luxembourg,LUX,esch-sur-alzette,,,Linux-6.5.0-5-generic-x86_64-with-glibc2.38,3.11.4,2.3.1,4,Intel(R) Celeron(R) N5100 @ 1.10GHz,,,5.9802,49.4998,11.416576385498049,machine,N,1.0
2023-11-24T16:32:14,codecarbon,26b28fde-ef5b-436a-8305-4fa077534b68,0.0201749801635742,4.6431076657777774e-08,2.3014187018438185e-06,42.5,0.0,4.281216144561768,2.276894119050768e-07,0,2.0615738356847642e-08,2.483051502619244e-07,Luxembourg,LUX,esch-sur-alzette,,,Linux-6.5.0-5-generic-x86_64-with-glibc2.38,3.11.4,2.3.1,4,Intel(R) Celeron(R) N5100 @ 1.10GHz,,,5.9802,49.4998,11.416576385498049,machine,N,1.0
2023-11-24T16:33:11,codecarbon,ea98ebfa-853c-4770-9a02-4d5a85c05d74,0.0035734176635742,6.9521120609100095e-09,1.945507834635915e-06,42.5,0.0,4.281216144561768,3.643863730960422e-08,0,7.400230657594876e-10,3.7178660375363705e-08,Luxembourg,LUX,esch-sur-alzette,,,Linux-6.5.0-5-generic-x86_64-with-glibc2.38,3.11.4,2.3.1,4,Intel(R) Celeron(R) N5100 @ 1.10GHz,,,5.9802,49.4998,11.416576385498049,machine,N,1.0
2023-11-24T16:33:11,codecarbon,ea98ebfa-853c-4770-9a02-4d5a85c05d74,0.0282857418060302,6.669130338010157e-08,2.357771057850905e-06,42.5,0.0,4.281216144561768,3.271005219883389e-07,0,2.9552721894295563e-08,3.5665324388263445e-07,Luxembourg,LUX,esch-sur-alzette,,,Linux-6.5.0-5-generic-x86_64-with-glibc2.38,3.11.4,2.3.1,4,Intel(R) Celeron(R) N5100 @ 1.10GHz,,,5.9802,49.4998,11.416576385498049,machine,N,1.0
2023-11-24T16:33:40,codecarbon,e9082c3e-abf3-4bff-af5e-c4e66ad91115,0.0030062198638916,5.920572573098405e-09,1.969440972768414e-06,42.5,0.0,4.281216144561768,3.1003521548377144e-08,0,6.58648881900111e-10,3.1662170430277256e-08,Luxembourg,LUX,esch-sur-alzette,,,Linux-6.5.0-5-generic-x86_64-with-glibc2.38,3.11.4,2.3.1,4,Intel(R) Celeron(R) N5100 @ 1.10GHz,,,5.9802,49.4998,11.416576385498049,machine,N,1.0
2023-11-24T16:33:40,codecarbon,e9082c3e-abf3-4bff-af5e-c4e66ad91115,0.0205063819885253,4.810506515755458e-08,2.345858239862712e-06,42.5,0.0,4.281216144561768,2.363501323593989e-07,0,2.090721104328471e-08,2.5725734340268345e-07,Luxembourg,LUX,esch-sur-alzette,,,Linux-6.5.0-5-generic-x86_64-with-glibc2.38,3.11.4,2.3.1,4,Intel(R) Celeron(R) N5100 @ 1.10GHz,,,5.9802,49.4998,11.416576385498049,machine,N,1.0
2023-12-19T19:37:40,codecarbon,5045ffa5-ee49-4956-b746-97b2185d43d6,0.0044598579406738,9.192814785392476e-09,2.061234888572159e-06,42.5,0.0,4.281216144561768,4.811104800966051e-08,0,1.050492512888468e-09,4.916154052254898e-08,Luxembourg,LUX,luxembourg,,,Linux-6.5.0-5-generic-x86_64-with-glibc2.38,3.11.4,2.3.1,4,Intel(R) Celeron(R) N5100 @ 1.10GHz,,,6.1294,49.6113,11.416576385498049,machine,N,1.0
2023-12-19T19:37:40,codecarbon,5045ffa5-ee49-4956-b746-97b2185d43d6,0.0369184017181396,8.763666400876138e-08,2.373793553627799e-06,42.5,0.0,4.281216144561768,4.2969501680798003e-07,0,3.897029512387462e-08,4.686653119318546e-07,Luxembourg,LUX,luxembourg,,,Linux-6.5.0-5-generic-x86_64-with-glibc2.38,3.11.4,2.3.1,4,Intel(R) Celeron(R) N5100 @ 1.10GHz,,,6.1294,49.6113,11.416576385498049,machine,N,1.0
2023-12-19T19:39:35,codecarbon,ed60dbea-d0d7-4dd6-b656-99aab362e35e,0.0042023658752441,8.570021836878824e-09,2.0393326262628048e-06,42.5,0.0,4.281216144561768,4.4702490170796726e-08,0,1.128464291847801e-09,4.5830954462644526e-08,Luxembourg,LUX,luxembourg,,,Linux-6.5.0-5-generic-x86_64-with-glibc2.38,3.11.4,2.3.1,4,Intel(R) Celeron(R) N5100 @ 1.10GHz,,,6.1294,49.6113,11.416576385498049,machine,N,1.0
2023-12-19T19:39:35,codecarbon,ed60dbea-d0d7-4dd6-b656-99aab362e35e,0.0337955951690673,7.684213294068399e-08,2.2737321996038247e-06,42.5,0.0,4.281216144561768,3.775111503071256e-07,0,3.342692694047855e-08,4.109380772476041e-07,Luxembourg,LUX,luxembourg,,,Linux-6.5.0-5-generic-x86_64-with-glibc2.38,3.11.4,2.3.1,4,Intel(R) Celeron(R) N5100 @ 1.10GHz,,,6.1294,49.6113,11.416576385498049,machine,N,1.0
2023-12-19T19:43:40,codecarbon,98e7abe4-ac14-4145-94e0-90823fd31140,0.0033795833587646,6.7184537598937345e-09,1.9879532613006933e-06,42.5,0.0,4.281216144561768,3.501441743638781e-08,0,9.146798506283931e-10,3.5929097287016206e-08,Luxembourg,LUX,luxembourg,,,Linux-6.5.0-5-generic-x86_64-with-glibc2.38,3.11.4,2.3.1,4,Intel(R) Celeron(R) N5100 @ 1.10GHz,,,6.1294,49.6113,11.416576385498049,machine,N,1.0
2023-12-19T19:43:40,codecarbon,98e7abe4-ac14-4145-94e0-90823fd31140,0.0311336517333984,7.375491221785945e-08,2.368977235610923e-06,42.5,0.0,4.281216144561768,3.611466950840421e-07,0,3.328147413100169e-08,3.944281692150438e-07,Luxembourg,LUX,luxembourg,,,Linux-6.5.0-5-generic-x86_64-with-glibc2.38,3.11.4,2.3.1,4,Intel(R) Celeron(R) N5100 @ 1.10GHz,,,6.1294,49.6113,11.416576385498049,machine,N,1.0
2023-12-19T19:44:01,codecarbon,0002283d-66ca-4bcf-9ff2-cdf443b6c44f,0.0032007694244384,6.1431140914356225e-09,1.9192616764368563e-06,42.5,0.0,4.281216144561768,3.2222270965576177e-08,0,6.300119739914103e-10,3.285228293956759e-08,Luxembourg,LUX,luxembourg,,,Linux-6.5.0-5-generic-x86_64-with-glibc2.38,3.11.4,2.3.1,4,Intel(R) Celeron(R) N5100 @ 1.10GHz,,,6.1294,49.6113,11.416576385498049,machine,N,1.0
2023-12-19T19:44:01,codecarbon,0002283d-66ca-4bcf-9ff2-cdf443b6c44f,0.0265095233917236,6.237285990437123e-08,2.3528472761545104e-06,42.5,0.0,4.281216144561768,3.0585262510511615e-07,0,2.7706350168538552e-08,3.3355897527365466e-07,Luxembourg,LUX,luxembourg,,,Linux-6.5.0-5-generic-x86_64-with-glibc2.38,3.11.4,2.3.1,4,Intel(R) Celeron(R) N5100 @ 1.10GHz,,,6.1294,49.6113,11.416576385498049,machine,N,1.0
2023-12-19T19:44:54,codecarbon,f2d0a218-6db6-4ef1-9bd8-515113495bae,0.0019350051879882,3.8713706524719484e-09,2.0007029833841427e-06,42.5,0.0,4.281216144561768,2.022054460313585e-08,0,4.82857962064523e-10,2.070340256520037e-08,Luxembourg,LUX,luxembourg,,,Linux-6.5.0-5-generic-x86_64-with-glibc2.38,3.11.4,2.3.1,4,Intel(R) Celeron(R) N5100 @ 1.10GHz,,,6.1294,49.6113,11.416576385498049,machine,N,1.0
2023-12-19T19:44:54,codecarbon,f2d0a218-6db6-4ef1-9bd8-515113495bae,0.0200960636138916,4.7558872403982896e-08,2.3665765255195228e-06,42.5,0.0,4.281216144561768,2.3295001851187815e-07,0,2.138638306670752e-08,2.543364015785857e-07,Luxembourg,LUX,luxembourg,,,Linux-6.5.0-5-generic-x86_64-with-glibc2.38,3.11.4,2.3.1,4,Intel(R) Celeron(R) N5100 @ 1.10GHz,,,6.1294,49.6113,11.416576385498049,machine,N,1.0
2023-12-19T19:48:03,codecarbon,835a402c-ef08-4b06-97d9-59887e97b2f2,0.0033130645751953,6.521265053968116e-09,1.9683483089319723e-06,42.5,0.0,4.281216144561768,3.3981435828738744e-08,0,8.931312862614505e-10,3.48745671150002e-08,Luxembourg,LUX,luxembourg,,,Linux-6.5.0-5-generic-x86_64-with-glibc2.38,3.11.4,2.3.1,4,Intel(R) Celeron(R) N5100 @ 1.10GHz,,,6.1294,49.6113,11.416576385498049,machine,N,1.0
2023-12-19T19:48:03,codecarbon,835a402c-ef08-4b06-97d9-59887e97b2f2,0.0512161254882812,1.2141984098346858e-07,2.37073460410922e-06,42.5,0.0,4.281216144561768,5.930018093850878e-07,0,5.632993199138053e-08,6.493317413764684e-07,Luxembourg,LUX,luxembourg,,,Linux-6.5.0-5-generic-x86_64-with-glibc2.38,3.11.4,2.3.1,4,Intel(R) Celeron(R) N5100 @ 1.10GHz,,,6.1294,49.6113,11.416576385498049,machine,N,1.0
2023-12-19T19:51:36,codecarbon,eb7b2f51-7bf8-44db-a790-10ca5f02d6df,0.0030148029327392,6.043534193190903e-09,2.004619979488919e-06,42.5,0.0,4.281216144561768,3.15354930029975e-08,0,7.842543294600547e-10,3.231974733245756e-08,Luxembourg,LUX,luxembourg,,,Linux-6.5.0-5-generic-x86_64-with-glibc2.38,3.11.4,2.3.1,4,Intel(R) Celeron(R) N5100 @ 1.10GHz,,,6.1294,49.6113,11.416576385498049,machine,N,1.0
2023-12-19T19:51:36,codecarbon,eb7b2f51-7bf8-44db-a790-10ca5f02d6df,0.021554946899414,5.0643576375051224e-08,2.3495106070721928e-06,42.5,0.0,4.281216144561768,2.487149503495958e-07,0,2.21179001202169e-08,2.708328504698127e-07,Luxembourg,LUX,luxembourg,,,Linux-6.5.0-5-generic-x86_64-with-glibc2.38,3.11.4,2.3.1,4,Intel(R) Celeron(R) N5100 @ 1.10GHz,,,6.1294,49.6113,11.416576385498049,machine,N,1.0
2023-12-19T19:53:02,codecarbon,e13ac1df-6420-47ca-a27f-0a7d3130d9a5,0.0037169456481933,7.212720346908021e-09,1.940496587679134e-06,42.5,0.0,4.281216144561768,3.7812193234761554e-08,0,7.60153961418078e-10,3.857234719617963e-08,Luxembourg,LUX,luxembourg,,,Linux-6.5.0-5-generic-x86_64-with-glibc2.38,3.11.4,2.3.1,4,Intel(R) Celeron(R) N5100 @ 1.10GHz,,,6.1294,49.6113,11.416576385498049,machine,N,1.0
2023-12-19T19:53:02,codecarbon,e13ac1df-6420-47ca-a27f-0a7d3130d9a5,0.0345354080200195,8.170539502343255e-08,2.36584420766274e-06,42.5,0.0,4.281216144561768,4.00380293528239e-07,0,3.656564546076879e-08,4.369459389890078e-07,Luxembourg,LUX,luxembourg,,,Linux-6.5.0-5-generic-x86_64-with-glibc2.38,3.11.4,2.3.1,4,Intel(R) Celeron(R) N5100 @ 1.10GHz,,,6.1294,49.6113,11.416576385498049,machine,N,1.0
2023-12-19T20:04:09,codecarbon,a728c297-2dea-4132-9b5b-daa6f718ce5b,0.0032823085784912,6.334510518570777e-09,1.929894879500508e-06,42.5,0.0,4.281216144561768,3.3187700642479794e-08,0,6.88136391033822e-10,3.3875837033513616e-08,Luxembourg,LUX,luxembourg,,,Linux-6.5.0-5-generic-x86_64-with-glibc2.38,3.11.4,2.3.1,4,Intel(R) Celeron(R) N5100 @ 1.10GHz,,,6.1294,49.6113,11.416576385498049,machine,N,1.0
2023-12-19T20:04:09,codecarbon,a728c297-2dea-4132-9b5b-daa6f718ce5b,0.0271940231323242,6.39723302551375e-08,2.35244082656886e-06,42.5,0.0,4.281216144561768,3.137224250369602e-07,0,2.8390233553447324e-08,3.421126585904075e-07,Luxembourg,LUX,luxembourg,,,Linux-6.5.0-5-generic-x86_64-with-glibc2.38,3.11.4,2.3.1,4,Intel(R) Celeron(R) N5100 @ 1.10GHz,,,6.1294,49.6113,11.416576385498049,machine,N,1.0
2023-12-19T20:05:38,codecarbon,08104d0b-5b46-4962-a137-301c9f37ac43,0.0042974948883056,8.563091313529645e-09,1.992577428499453e-06,42.5,0.0,4.281216144561768,4.457583030064901e-08,0,1.2180609542156163e-09,4.579389125486463e-08,Luxembourg,LUX,luxembourg,,,Linux-6.5.0-5-generic-x86_64-with-glibc2.38,3.11.4,2.3.1,4,Intel(R) Celeron(R) N5100 @ 1.10GHz,,,6.1294,49.6113,11.416576385498049,machine,N,1.0
2023-12-19T20:05:38,codecarbon,08104d0b-5b46-4962-a137-301c9f37ac43,0.0389361381530761,9.214607200656605e-08,2.366595054812492e-06,42.5,0.0,4.281216144561768,4.51373557249705e-07,0,4.140726763353087e-08,4.927808248832358e-07,Luxembourg,LUX,luxembourg,,,Linux-6.5.0-5-generic-x86_64-with-glibc2.38,3.11.4,2.3.1,4,Intel(R) Celeron(R) N5100 @ 1.10GHz,,,6.1294,49.6113,11.416576385498049,machine,N,1.0
2023-12-19T20:06:33,codecarbon,feff85ca-75be-4525-8318-495b5db7dc0e,0.0013916492462158,2.73251884861765e-09,1.9635111764317977e-06,42.5,0.0,4.281216144561768,1.4208422766791453e-08,0,4.0460264936352055e-10,1.4613025416154973e-08,Luxembourg,LUX,luxembourg,,,Linux-6.5.0-5-generic-x86_64-with-glibc2.38,3.11.4,2.3.1,4,Intel(R) Celeron(R) N5100 @ 1.10GHz,,,6.1294,49.6113,11.416576385498049,machine,N,1.0
2023-12-19T20:06:33,codecarbon,feff85ca-75be-4525-8318-495b5db7dc0e,0.0271170139312744,6.115120142806482e-08,2.2550861087819967e-06,42.5,0.0,4.281216144561768,2.999502751562331e-07,0,2.7075487593322127e-08,3.270257627495552e-07,Luxembourg,LUX,luxembourg,,,Linux-6.5.0-5-generic-x86_64-with-glibc2.38,3.11.4,2.3.1,4,Intel(R) Celeron(R) N5100 @ 1.10GHz,,,6.1294,49.6113,11.416576385498049,machine,N,1.0
2023-12-19T20:19:53,codecarbon,32c22a8e-a1a9-4a0e-8d47-9464c0c1a9d1,0.0044643878936767,9.610951044766929e-09,2.1528037602600857e-06,42.5,0.0,4.281216144561768,4.831933312945896e-08,0,3.078325833314466e-09,5.139765896277343e-08,Luxembourg,LUX,luxembourg,,,Linux-6.5.0-5-generic-x86_64-with-glibc2.38,3.11.4,2.3.1,4,Intel(R) Celeron(R) N5100 @ 1.10GHz,,,6.1294,49.6113,11.416576385498049,machine,N,1.0
2023-12-19T20:20:06,codecarbon,32c22a8e-a1a9-4a0e-8d47-9464c0c1a9d1,13.18724012374878,3.2041172519804907e-05,2.429710251662306e-06,42.5,0.0,4.281216144561768,0.0001556722056534,0,1.5678293404284414e-05,0.0001713504990577,Luxembourg,LUX,luxembourg,,,Linux-6.5.0-5-generic-x86_64-with-glibc2.38,3.11.4,2.3.1,4,Intel(R) Celeron(R) N5100 @ 1.10GHz,,,6.1294,49.6113,11.416576385498049,machine,N,1.0
2023-12-19T20:20:20,codecarbon,fdedc305-126e-4056-b4e2-938d58b96bd1,0.0031657218933105,6.278056216407103e-09,1.9831357358563925e-06,42.5,0.0,4.281216144561768,3.2137831052144376e-08,0,1.4360984015600783e-09,3.3573929453704464e-08,Luxembourg,LUX,luxembourg,,,Linux-6.5.0-5-generic-x86_64-with-glibc2.38,3.11.4,2.3.1,4,Intel(R) Celeron(R) N5100 @ 1.10GHz,,,6.1294,49.6113,11.416576385498049,machine,N,1.0
2023-12-19T20:20:34,codecarbon,fdedc305-126e-4056-b4e2-938d58b96bd1,14.13142991065979,3.4336426227590966e-05,2.4297913547793137e-06,42.5,0.0,4.281216144561768,0.0001668226003646,0,1.680250780887832e-05,0.0001836251081735,Luxembourg,LUX,luxembourg,,,Linux-6.5.0-5-generic-x86_64-with-glibc2.38,3.11.4,2.3.1,4,Intel(R) Celeron(R) N5100 @ 1.10GHz,,,6.1294,49.6113,11.416576385498049,machine,N,1.0
2023-12-19T20:26:36,codecarbon,bb998888-0f1c-4e2e-a7f8-45a68baf837d,0.0051198005676269,1.1007810425325565e-08,2.150046721532305e-06,42.5,0.0,4.281216144561768,5.4857797092861604e-08,0,4.010017708443078e-09,5.88678148013047e-08,Luxembourg,LUX,luxembourg,,,Linux-6.5.0-5-generic-x86_64-with-glibc2.38,3.11.4,2.3.1,4,Intel(R) Celeron(R) N5100 @ 1.10GHz,,,6.1294,49.6113,11.416576385498049,machine,N,1.0
2023-12-19T20:27:00,codecarbon,bb998888-0f1c-4e2e-a7f8-45a68baf837d,23.18816447257996,5.6342669333352046e-05,2.429802902251161e-06,42.5,0.0,4.281216144561768,0.0002737385047806,0,2.757208248163684e-05,0.0003013105872623,Luxembourg,LUX,luxembourg,,,Linux-6.5.0-5-generic-x86_64-with-glibc2.38,3.11.4,2.3.1,4,Intel(R) Celeron(R) N5100 @ 1.10GHz,,,6.1294,49.6113,11.416576385498049,machine,N,1.0
2023-12-19T20:27:04,codecarbon,30912b41-3d19-4a78-bb9c-6aeac18b6c55,27.706290245056152,6.732088074652625e-05,2.42980493422568e-06,42.5,0.0,4.281216144561768,0.0003270801775985,0,3.293993420585925e-05,0.0003600201118043,Luxembourg,LUX,luxembourg,,,Linux-6.5.0-5-generic-x86_64-with-glibc2.38,3.11.4,2.3.1,4,Intel(R) Celeron(R) N5100 @ 1.10GHz,,,6.1294,49.6113,11.416576385498049,machine,N,1.0
2023-12-19T20:32:56,codecarbon,41141ef2-12d9-489d-90c4-ba3735bdefbf,0.0048329830169677,1.0569044339249595e-08,2.186857330585168e-06,42.5,0.0,4.281216144561768,5.26848766538832e-08,0,3.8364950585408535e-09,5.6521371712424056e-08,Luxembourg,LUX,luxembourg,,,Linux-6.5.0-5-generic-x86_64-with-glibc2.38,3.11.4,2.3.1,4,Intel(R) Celeron(R) N5100 @ 1.10GHz,,,6.1294,49.6113,11.416576385498049,machine,N,1.0
2023-12-19T20:33:27,codecarbon,41141ef2-12d9-489d-90c4-ba3735bdefbf,31.31463599205017,7.608910486728457e-05,2.429825621686973e-06,42.5,0.0,4.281216144561768,0.0003696759060025,0,3.7235110871379885e-05,0.0004069110168739,Luxembourg,LUX,luxembourg,,,Linux-6.5.0-5-generic-x86_64-with-glibc2.38,3.11.4,2.3.1,4,Intel(R) Celeron(R) N5100 @ 1.10GHz,,,6.1294,49.6113,11.416576385498049,machine,N,1.0
2023-12-19T20:37:00,codecarbon,2a4cc16d-1263-400f-96b2-188c7e221d9c,0.0027995109558105,5.966797517009551e-09,2.1313713756415627e-06,42.5,0.0,4.281216144561768,3.0043721199035644e-08,0,1.865652020190585e-09,3.190937321922623e-08,Luxembourg,LUX,luxembourg,,,Linux-6.5.0-5-generic-x86_64-with-glibc2.38,3.11.4,2.3.1,4,Intel(R) Celeron(R) N5100 @ 1.10GHz,,,6.1294,49.6113,11.416576385498049,machine,N,1.0
2023-12-19T20:37:07,codecarbon,2a4cc16d-1263-400f-96b2-188c7e221d9c,6.764247894287109,1.6434366640312835e-05,2.429592601742587e-06,42.5,0.0,4.281216144561768,7.984731942415238e-05,0,8.04075407799123e-06,8.78880735021436e-05,Luxembourg,LUX,luxembourg,,,Linux-6.5.0-5-generic-x86_64-with-glibc2.38,3.11.4,2.3.1,4,Intel(R) Celeron(R) N5100 @ 1.10GHz,,,6.1294,49.6113,11.416576385498049,machine,N,1.0
2023-12-20T19:08:51,codecarbon,15f969d1-2b5c-4e65-9625-bf9334c5f2de,0.0015463829040527,3.224157665706933e-09,2.084967220768617e-06,42.5,0.0,4.281216144561768,1.617868741353353e-08,0,1.0635350650053015e-09,1.7242222478538832e-08,Luxembourg,LUX,luxembourg,,,Linux-6.5.0-5-generic-x86_64-with-glibc2.38,3.11.4,2.3.1,4,Intel(R) Celeron(R) N5100 @ 1.10GHz,,,6.1294,49.6113,11.416576385498049,machine,N,1.0
2023-12-20T19:09:03,codecarbon,15f969d1-2b5c-4e65-9625-bf9334c5f2de,11.657138586044312,2.8324905651387704e-05,2.4298334829181584e-06,42.5,0.0,4.281216144561768,0.0001376150538523,0,1.3861510125673154e-05,0.000151476563978,Luxembourg,LUX,luxembourg,,,Linux-6.5.0-5-generic-x86_64-with-glibc2.38,3.11.4,2.3.1,4,Intel(R) Celeron(R) N5100 @ 1.10GHz,,,6.1294,49.6113,11.416576385498049,machine,N,1.0
2023-12-20T19:11:03,codecarbon,e2a6fc13-69ef-453d-8af3-1053ec73290c,0.0013670921325683,2.898237153003969e-09,2.120001340040663e-06,42.5,0.0,4.281216144561768,1.4568699730767145e-08,0,9.305577401619303e-10,1.5499257470929078e-08,Luxembourg,LUX,luxembourg,,,Linux-6.5.0-5-generic-x86_64-with-glibc2.38,3.11.4,2.3.1,4,Intel(R) Celeron(R) N5100 @ 1.10GHz,,,6.1294,49.6113,11.416576385498049,machine,N,1.0
2023-12-20T19:11:16,codecarbon,e2a6fc13-69ef-453d-8af3-1053ec73290c,13.813296556472778,3.3562708627700405e-05,2.429739236429645e-06,42.5,0.0,4.281216144561768,0.0001630624544289,0,1.6424949458396538e-05,0.0001794874038873,Luxembourg,LUX,luxembourg,,,Linux-6.5.0-5-generic-x86_64-with-glibc2.38,3.11.4,2.3.1,4,Intel(R) Celeron(R) N5100 @ 1.10GHz,,,6.1294,49.6113,11.416576385498049,machine,N,1.0
2023-12-20T19:19:22,codecarbon,96931dbf-e2ec-4c98-ab74-ccb73ca513ec,0.0010838508605957,2.2230663090101917e-09,2.051081370907761e-06,42.5,0.0,4.281216144561768,1.1272728443145753e-08,0,6.158352869078954e-10,1.1888563730053648e-08,Luxembourg,LUX,luxembourg,,,Linux-6.5.0-5-generic-x86_64-with-glibc2.38,3.11.4,2.3.1,4,Intel(R) Celeron(R) N5100 @ 1.10GHz,,,6.1294,49.6113,11.416576385498049,machine,N,1.0
2023-12-20T19:19:24,codecarbon,96931dbf-e2ec-4c98-ab74-ccb73ca513ec,1.6652953624725342,4.045663576635997e-06,2.42939701136814e-06,42.5,0.0,4.281216144561768,1.965642124414444e-05,0,1.9790689192636062e-06,2.1635490163408047e-05,Luxembourg,LUX,luxembourg,,,Linux-6.5.0-5-generic-x86_64-with-glibc2.38,3.11.4,2.3.1,4,Intel(R) Celeron(R) N5100 @ 1.10GHz,,,6.1294,49.6113,11.416576385498049,machine,N,1.0
2023-12-20T19:19:40,codecarbon,1e22639d-ac80-436b-b651-1360c0c4e527,0.001732587814331,3.6469977576125515e-09,2.1049425186108927e-06,42.5,0.0,4.281216144561768,1.840508646435208e-08,0,1.0984097152307487e-09,1.9503496179582832e-08,Luxembourg,LUX,luxembourg,,,Linux-6.5.0-5-generic-x86_64-with-glibc2.38,3.11.4,2.3.1,4,Intel(R) Celeron(R) N5100 @ 1.10GHz,,,6.1294,49.6113,11.416576385498049,machine,N,1.0
2023-12-20T19:19:42,codecarbon,1e22639d-ac80-436b-b651-1360c0c4e527,1.801661491394043,4.376891566184556e-06,2.429363999337033e-06,42.5,0.0,4.281216144561768,2.1265905102094016e-05,0,2.1409335123095733e-06,2.340683861440359e-05,Luxembourg,LUX,luxembourg,,,Linux-6.5.0-5-generic-x86_64-with-glibc2.38,3.11.4,2.3.1,4,Intel(R) Celeron(R) N5100 @ 1.10GHz,,,6.1294,49.6113,11.416576385498049,machine,N,1.0
2023-12-20T19:19:54,codecarbon,445e7cbc-601e-4b44-8ecb-09e29debfae7,0.0015053749084472,3.1989318797625474e-09,2.1250067752637903e-06,42.5,0.0,4.281216144561768,1.6054842207166885e-08,0,1.05247724908016e-09,1.7107319456247046e-08,Luxembourg,LUX,luxembourg,,,Linux-6.5.0-5-generic-x86_64-with-glibc2.38,3.11.4,2.3.1,4,Intel(R) Celeron(R) N5100 @ 1.10GHz,,,6.1294,49.6113,11.416576385498049,machine,N,1.0
2023-12-20T19:20:07,codecarbon,445e7cbc-601e-4b44-8ecb-09e29debfae7,13.07087016105652,3.1760282560500857e-05,2.4298521956960266e-06,42.5,0.0,4.281216144561768,0.0001543054921759,0,1.5542857274833276e-05,0.0001698483494507,Luxembourg,LUX,luxembourg,,,Linux-6.5.0-5-generic-x86_64-with-glibc2.38,3.11.4,2.3.1,4,Intel(R) Celeron(R) N5100 @ 1.10GHz,,,6.1294,49.6113,11.416576385498049,machine,N,1.0
2023-12-20T19:29:28,codecarbon,41fd9e2f-23eb-42e3-b848-9c3c4c9dae35,0.0014500617980957,3.118136020959516e-09,2.150346988696906e-06,42.5,0.0,4.281216144561768,1.5627013312445747e-08,0,1.048224242955105e-09,1.6675237555400852e-08,Luxembourg,LUX,luxembourg,,,Linux-6.5.0-5-generic-x86_64-with-glibc2.38,3.11.4,2.3.1,4,Intel(R) Celeron(R) N5100 @ 1.10GHz,,,6.1294,49.6113,11.416576385498049,machine,N,1.0
2023-12-20T19:29:31,codecarbon,cdeb389e-fb5e-4776-ad4a-1957bf7f7657,0.0016171932220458,3.425364183367225e-09,2.118092097265795e-06,42.5,0.0,4.281216144561768,1.7220113012525772e-08,0,1.0981261814890787e-09,1.831823919401485e-08,Luxembourg,LUX,luxembourg,,,Linux-6.5.0-5-generic-x86_64-with-glibc2.38,3.11.4,2.3.1,4,Intel(R) Celeron(R) N5100 @ 1.10GHz,,,6.1294,49.6113,11.416576385498049,machine,N,1.0
2023-12-20T19:29:48,codecarbon,41fd9e2f-23eb-42e3-b848-9c3c4c9dae35,19.913361310958862,4.838706479244629e-05,2.42987931755236e-06,42.5,0.0,4.281216144561768,0.0002350852055682,0,2.368022178936002e-05,0.0002587654273575,Luxembourg,LUX,luxembourg,,,Linux-6.5.0-5-generic-x86_64-with-glibc2.38,3.11.4,2.3.1,4,Intel(R) Celeron(R) N5100 @ 1.10GHz,,,6.1294,49.6113,11.416576385498049,machine,N,1.0
2023-12-20T19:29:50,codecarbon,cdeb389e-fb5e-4776-ad4a-1957bf7f7657,18.96733522415161,4.608819313002355e-05,2.429871807787645e-06,42.5,0.0,4.281216144561768,0.0002239165296157,0,2.255494044729621e-05,0.000246471470063,Luxembourg,LUX,luxembourg,,,Linux-6.5.0-5-generic-x86_64-with-glibc2.38,3.11.4,2.3.1,4,Intel(R) Celeron(R) N5100 @ 1.10GHz,,,6.1294,49.6113,11.416576385498049,machine,N,1.0
2023-12-20T19:54:35,codecarbon,61390854-28a1-4141-a765-45fab97f05a5,0.0036771297454833,7.559415788357885e-09,2.055792509808249e-06,42.5,0.0,4.281216144561768,3.823157813813953e-08,0,2.194834694269805e-09,4.0426412832409333e-08,Luxembourg,LUX,luxembourg,,,Linux-6.5.0-5-generic-x86_64-with-glibc2.38,3.11.4,2.3.1,4,Intel(R) Celeron(R) N5100 @ 1.10GHz,,,6.1294,49.6113,11.416576385498049,machine,N,1.0
2023-12-20T19:54:39,codecarbon,61390854-28a1-4141-a765-45fab97f05a5,3.7750210762023926,9.169942900106985e-06,2.429110385082086e-06,42.5,0.0,4.281216144561768,4.455410954025057e-05,0,4.485116202599311e-06,4.9039225742849885e-05,Luxembourg,LUX,luxembourg,,,Linux-6.5.0-5-generic-x86_64-with-glibc2.38,3.11.4,2.3.1,4,Intel(R) Celeron(R) N5100 @ 1.10GHz,,,6.1294,49.6113,11.416576385498049,machine,N,1.0
2023-12-20T22:21:10,codecarbon,05fa3cb4-484d-4137-b97b-9531baab50f2,0.0012712478637695,2.671662917354918e-09,2.101606613074532e-06,42.5,0.0,4.281216144561768,1.346816619237264e-08,0,8.19412513427172e-10,1.4287578705799812e-08,Luxembourg,LUX,luxembourg,,,Linux-6.5.0-5-generic-x86_64-with-glibc2.38,3.11.4,2.3.1,4,Intel(R) Celeron(R) N5100 @ 1.10GHz,,,6.1294,49.6113,11.416576385498049,machine,N,1.0
2023-12-20T22:21:17,codecarbon,05fa3cb4-484d-4137-b97b-9531baab50f2,7.198341131210327,1.7490590689699204e-05,2.4298085310050235e-06,42.5,0.0,4.281216144561768,8.497741570075353e-05,0,8.559156396979025e-06,9.353657209773256e-05,Luxembourg,LUX,luxembourg,,,Linux-6.5.0-5-generic-x86_64-with-glibc2.38,3.11.4,2.3.1,4,Intel(R) Celeron(R) N5100 @ 1.10GHz,,,6.1294,49.6113,11.416576385498047,machine,N,1.0
